Video ID,Video Title,Author,Comment,Timestamp,Timestamp Link,Date Added
lnh1RTyvFPk,Delight in Solitude | Phra Cathal | Sangha UK #355 | 05.24.26,@c7eye,Dhammarato then talks about the log in the bog. 38:00 . Give that a listen . This is just a great talk . 🙏🙏🙏,38:00,https://youtu.be/lnh1RTyvFPk?t=2280,2026-05-26
lnh1RTyvFPk,Delight in Solitude | Phra Cathal | Sangha UK #355 | 05.24.26,@christinavolpicelli,12:34 leaving the house on fire is an interesting analogy,12:34,https://youtu.be/lnh1RTyvFPk?t=754,2026-05-26
HUhGMtv4_ls,Free Will and Conditionality | Sangha UK #353 | 05.010.26,@issac7787,40:30,40:30,https://youtu.be/HUhGMtv4_ls?t=2430,2026-05-26
-YLIWom_ogw,Guarding the Mind and Not Letting Mara In | Sangha UK #345 | 03.15.26,@christinavolpicelli,"“Can deal with people’s bs happily, walk away, or third option let them get to you 52:41",52:41,https://youtu.be/-YLIWom_ogw?t=3161,2026-05-26
-YLIWom_ogw,Guarding the Mind and Not Letting Mara In | Sangha UK #345 | 03.15.26,@christinavolpicelli,Illegitimi non carborundum! 53:10,53:10,https://youtu.be/-YLIWom_ogw?t=3190,2026-05-26
BlvAuPwkuNM,"Guilt, Remorse & Wholesome Change | Alexander H | Sangha UK #341 | 02.15.26",@c7eye,54:00 ish the unwholesome state of mind will always feed on something …,54:00,https://youtu.be/BlvAuPwkuNM?t=3240,2026-05-26
cLn4J8wuhi8,What It Is Like For The Mind To Be Noble | Sangha US #205 | 02.07.26,@issac7787,"46:00 Not looking for deep experience, Westerner confusing deep meditation as sign of Stream-entry. Which is not at all the case",46:00,https://youtu.be/cLn4J8wuhi8?t=2760,2026-05-26
omyeEFjg_fY,Striving Is Not The Practice - MN 101: Devadaha Sutta | Sangha UK #336 | 01.11.26,@issac7787,19:30 Cannot Dukkha your way out of Dukkha,19:30,https://youtu.be/omyeEFjg_fY?t=1170,2026-05-26
za3nbUi-Xds,Right Livelihood | Sangha US #199 | 12.27.25,@Landulph,1:01:48 burnout only happens to people who are on fire for a long time👍,1:01:48,https://youtu.be/za3nbUi-Xds?t=3708,2026-05-26
6BFqIVJcgUA,The Direct Path | Sangha US #197 | 12.13.25,@zhatar4214,53:00 Guided meditation,53:00,https://youtu.be/6BFqIVJcgUA?t=3180,2026-05-26
wbCJazqhzPc,Boredom and Restlessness | Sangha UK #328 | 11.16.25,@issac7787,"3:00 onwards talking about difference of dog and cat catching mouse
4:10 not welcoming hindrances",3:00,https://youtu.be/wbCJazqhzPc?t=180,2026-05-26
wbCJazqhzPc,Boredom and Restlessness | Sangha UK #328 | 11.16.25,@issac7787,"3:00 onwards talking about difference of dog and cat catching mouse
4:10 not welcoming hindrances",4:10,https://youtu.be/wbCJazqhzPc?t=250,2026-05-26
hd5G3jks9kk,Begin to Float | Sangha US #182 | 08.30.25,@Landulph,"45:53 ""The practice of Anapanasati is the practice of enjoying the practice.""",45:53,https://youtu.be/hd5G3jks9kk?t=2753,2026-05-26
Y1bmFofpoAs,"I am not ""Me"" | Sangha UK #315 | 08.03.25",@MountainDharma,1:11:00 very very accurate and unspoken truth 🤫,1:11:00,https://youtu.be/Y1bmFofpoAs?t=4260,2026-05-26
O71z4oIyNv0,"The Three Characteristics, Nurturing and Walking Meditation | Sangha US #175 | 07.12.2025",@Landulph,23:45 Walking meditation,23:45,https://youtu.be/O71z4oIyNv0?t=1425,2026-05-26
yHKvGhMJiyg,Sexuality and the Highest Good | US Sangha #174 | 07.05.2025,@MountainDharma,"1:05:50 Dhammarato drops some bars:

Let’s drop these rules
Let’s drop the bar
Let’s just be ok
the way things are",1:05:50,https://youtu.be/yHKvGhMJiyg?t=3950,2026-05-26
hx9caCHaMd8,The Hinderance of Doubt | Sangha US #172 | 06.21.2025,@issac7787,24:00 Personality of falling off the bike,24:00,https://youtu.be/hx9caCHaMd8?t=1440,2026-05-26
hx9caCHaMd8,The Hinderance of Doubt | Sangha US #172 | 06.21.2025,@issac7787,"37:00 ""Pulling Einstein out of the grave'' LOL",37:00,https://youtu.be/hx9caCHaMd8?t=2220,2026-05-26
gdplpxg7wr8,Gladdening the Mind and Magical Thinking | US Sangha #170 | 05.31.2025,@issac7787,30:00,30:00,https://youtu.be/gdplpxg7wr8?t=1800,2026-05-26
gdplpxg7wr8,Gladdening the Mind and Magical Thinking | US Sangha #170 | 05.31.2025,@ericglover4195,33:30,33:30,https://youtu.be/gdplpxg7wr8?t=2010,2026-05-26
cesti4126wc,Happiness That Comes From Having No Hunger | Sangha UK #304 | 05.18.2025,@will_chamberlain,20:00 - around 40 or so,20:00,https://youtu.be/cesti4126wc?t=1200,2026-05-26
buoA72ETRrI,Work and Play | Sangha US #167 | 05.10.25,@issac7787,"15:50 secondary thought of ""Not Good Enough""",15:50,https://youtu.be/buoA72ETRrI?t=950,2026-05-26
HEf4sWR40so,Not Liking is Delusional | The Sangha US #156 | 02.22.25,@issac7787,19:30 dwelling on what's wrong instead of dwelling on what's not there.,19:30,https://youtu.be/HEf4sWR40so?t=1170,2026-05-26
XdD24FLLtg4,How To Do Therapy | EC #1 | 01.08.25,@issac7787,29:00,29:00,https://youtu.be/XdD24FLLtg4?t=1740,2026-05-26
0UPdFuVe00s,Be Here Now | Ivan #15 | 12.16.24,@issac7787,19:00 Mindlessly struck a key,19:00,https://youtu.be/0UPdFuVe00s?t=1140,2026-05-26
2Kh_gBSLbi4,Freedom From Fear Through Wisdom | The Sangha US #146 | 12.14.24,@issac7787,10:00,10:00,https://youtu.be/2Kh_gBSLbi4?t=600,2026-05-26
2Kh_gBSLbi4,Freedom From Fear Through Wisdom | The Sangha US #146 | 12.14.24,@whitenozze,40:28,40:28,https://youtu.be/2Kh_gBSLbi4?t=2428,2026-05-26
zW5Ji0RQrrs,Anxiety & Fear | The Sangha US #144 | 11.30.24,@issac7787,33:00  religion,33:00,https://youtu.be/zW5Ji0RQrrs?t=1980,2026-05-26
pqMtlHTEeS0,Sleeping Well | The Sangha UK #270 | 11.24.24,@Landulph,"Bonus Highlight: 20:39 Immediate results, right noble effort as a kind of 'cheat code' for life",20:39,https://youtu.be/pqMtlHTEeS0?t=1239,2026-05-26
Tm_6-uaMG-s,Ten Fetter Model | The Sangha UK #268 | 11.17.24,@Landulph,Extra: On the late textual sources for the Arupa Fetters 7:46 and 1:20:39,7:46,https://youtu.be/Tm_6-uaMG-s?t=466,2026-05-26
Tm_6-uaMG-s,Ten Fetter Model | The Sangha UK #268 | 11.17.24,@Landulph,Extra: On the late textual sources for the Arupa Fetters 7:46 and 1:20:39,1:20:39,https://youtu.be/Tm_6-uaMG-s?t=4839,2026-05-26
LmOAPXUBBjc,Fear and Dread | The Sangha US #139 | 10.26.24,@issac7787,31:00,31:00,https://youtu.be/LmOAPXUBBjc?t=1860,2026-05-26
Bd8UeMZUUWA,Balance Between Seclusion and Sangha | Phra Cathal #9 | 10.01.24,@issac7787,8:50,8:50,https://youtu.be/Bd8UeMZUUWA?t=530,2026-05-26
H9_gbrbFdkw,Spiritual Friendship | The Sangha US #133 | 09.14.24,@issac7787,30:30 I triedddddd hahaha,30:30,https://youtu.be/H9_gbrbFdkw?t=1830,2026-05-26
ypqQtzYPRus,Boredom and Impatience | Dhamma Dasa | The Sangha UK #249 | 09.12.24,@issac7787,25:00,25:00,https://youtu.be/ypqQtzYPRus?t=1500,2026-05-26
vYLTbpHZTOk,Can Be Happy NOW! | Yhunjure #1 | 09.18.24,@basketballTaco,"I love the little realization at 50:37. Just a simple, genuine giggle but it means a lot. That much is worth all the back and forth and pointing at what's right in front of us. That little hit of reality, that moment of 'Wait a second, I'm sitting in front of my computer talking to Dhammarato. I'm NOT doing the thing I hate, but here I am hating it for the past 50 minutes! Ha!'",50:37,https://youtu.be/vYLTbpHZTOk?t=3037,2026-05-26
xSQw6ZMNUQA,Dark Night of the Soul? You Can Change That | The Sangha US #132 | 09.07.24,@carlmikaelmusic,Really wanted to hear what Scott wanted to say at 25:15,25:15,https://youtu.be/xSQw6ZMNUQA?t=1515,2026-05-26
Nu1T93aJlSY,Dying Before You Die | Dhamma Friends Discord #8 | 08.06.24,@Landulph,Extra: 1:27:25 Can I be loved?,1:27:25,https://youtu.be/Nu1T93aJlSY?t=5245,2026-05-26
YSvz4mf5uA8,Remember to Have Wholesome Thoughts While Feeding the Dog | Anjuna #5 | 09.03.24,@issac7787,4:30,4:30,https://youtu.be/YSvz4mf5uA8?t=270,2026-05-26
YSvz4mf5uA8,Remember to Have Wholesome Thoughts While Feeding the Dog | Anjuna #5 | 09.03.24,@issac7787,16:50,16:50,https://youtu.be/YSvz4mf5uA8?t=1010,2026-05-26
kPyh999pLKU,Investigating | Shamil #2 | 09.02.24,@issac7787,9:30,9:30,https://youtu.be/kPyh999pLKU?t=570,2026-05-26
kPyh999pLKU,Investigating | Shamil #2 | 09.02.24,@issac7787,17:50,17:50,https://youtu.be/kPyh999pLKU?t=1070,2026-05-26
S6unYBd0K_k,Pay Attention To The Sensations | The Sangha US #126 | 7.27.24,@will_chamberlain,What was the term mentioned at 1:14?,1:14,https://youtu.be/S6unYBd0K_k?t=74,2026-05-26
Bq_paYV72l0,Dependent Origination & Dukkha Nirodha | Dhamma Friends Discord #5 | 07.15.24,@issac7787,15:40,15:40,https://youtu.be/Bq_paYV72l0?t=940,2026-05-26
Bq_paYV72l0,Dependent Origination & Dukkha Nirodha | Dhamma Friends Discord #5 | 07.15.24,@issac7787,1:07:09,1:07:09,https://youtu.be/Bq_paYV72l0?t=4029,2026-05-26
Bq_paYV72l0,Dependent Origination & Dukkha Nirodha | Dhamma Friends Discord #5 | 07.15.24,@issac7787,40:00,40:00,https://youtu.be/Bq_paYV72l0?t=2400,2026-05-26
X2feQP5iB6U,Hot Dog! Now I'm Okay! | The Sangha UK #232 | 07.14.24,@issac7787,14:00,14:00,https://youtu.be/X2feQP5iB6U?t=840,2026-05-26
X2feQP5iB6U,Hot Dog! Now I'm Okay! | The Sangha UK #232 | 07.14.24,@issac7787,18:00 adult choo choo train,18:00,https://youtu.be/X2feQP5iB6U?t=1080,2026-05-26
X2feQP5iB6U,Hot Dog! Now I'm Okay! | The Sangha UK #232 | 07.14.24,@issac7787,34:00 HOT DOG have mindfulness right now,34:00,https://youtu.be/X2feQP5iB6U?t=2040,2026-05-26
S8GQPwfBDBM,Can You Be Okay With A Messy Room? | Dhamma Dasa | The Sangha UK #231 | 07.10.24,@issac7787,"14:30 you don't need craving, craving needs you",14:30,https://youtu.be/S8GQPwfBDBM?t=870,2026-05-26
S8GQPwfBDBM,Can You Be Okay With A Messy Room? | Dhamma Dasa | The Sangha UK #231 | 07.10.24,@issac7787,12:30 dissatisfaction has no purpose,12:30,https://youtu.be/S8GQPwfBDBM?t=750,2026-05-26
S8GQPwfBDBM,Can You Be Okay With A Messy Room? | Dhamma Dasa | The Sangha UK #231 | 07.10.24,@issac7787,11:00 Buddha say dissatisfaction is nature of human being,11:00,https://youtu.be/S8GQPwfBDBM?t=660,2026-05-26
JkntIsahcOk,"The  Sense of ""I"" | Dhamma Dasa | The Sangha US #123 | 07.06.24",@issac7787,11:40 Breath is the reality of the moment,11:40,https://youtu.be/JkntIsahcOk?t=700,2026-05-26
qEWjTSUbdIA,This Is It | Phra Cathal | The Sangha US #121 | 06.22.24,@issac7787,42:00 Thinking mind vs the feeling mind,42:00,https://youtu.be/qEWjTSUbdIA?t=2520,2026-05-26
qEWjTSUbdIA,This Is It | Phra Cathal | The Sangha US #121 | 06.22.24,@issac7787,28:00 Generosity,28:00,https://youtu.be/qEWjTSUbdIA?t=1680,2026-05-26
Rq5Akeu0mTY,Be A Friend To Yourself | The Sangha US #118 | 06.01.24,@whitenozze,54:50,54:50,https://youtu.be/Rq5Akeu0mTY?t=3290,2026-05-26
ESQWcj892JQ,Freedom = Nothing Left to Lose | The Sangha UK #220 | 05.26.24,@issac7787,"20:05 Piti and Sukkha
Sukkha is yea this is paradise
Piti is WOWWWWWWWW THIS IS PARADISE 🤣🤣🤣",20:05,https://youtu.be/ESQWcj892JQ?t=1205,2026-05-26
y3Cj2VpF3EE,Everything is Okay | Tuomas #2 | 06.06.24,@MountainDharma,13:58 great summary of the Dhamma 🙏,13:58,https://youtu.be/y3Cj2VpF3EE?t=838,2026-05-26
LhjojWs9r-w,Can You Make A Mistake Without Dukkha? | Daniel #14 | 05.27.24,@MountainDharma,15:28 on for a few minutes or so can change your life if you get it. I listened to Buddhadasa Bhikkhu talk about Atamayata for 10 years and didn’t experience it until I got this point spoken so plainly by Dhammarato,15:28,https://youtu.be/LhjojWs9r-w?t=928,2026-05-26
1ZFR63S4jMI,Have Fun Throwing Life Rafts | Ivan #11 | 05.27.24,@issac7787,27:20 the joy is up to me not the result of my action. 👀,27:20,https://youtu.be/1ZFR63S4jMI?t=1640,2026-05-26
-JnZaJ6exAQ,MN 54: Potaliyasutta & Staying in the First Jhana | Daniel #13 | 05.11.24,@MountainDharma,"For anyone who doubts Dhammarato’s interpretation 42:10 about the actual arising and passing of beings being a metaphor. The Buddha makes it clear in many places but here is one good example: 

""It would be better for the uninstructed run-of-the-mill person to hold to the body composed of the four great elements, rather than the mind, as the self. Why is that? Because this body composed of the four great elements is seen standing for a year, two years, three, four, five, ten, twenty, thirty, forty, fifty, a hundred years or more. But what's called 'mind,' 'intellect,' or 'consciousness' by day and by night arises as one thing and ceases as another. Just as a monkey, swinging through a forest wilderness, grabs a branch. Letting go of it, it grabs another branch. Letting go of that, it grabs another one. Letting go of that, it grabs another one. In the same way, what's called 'mind,' 'intellect,' or 'consciousness' by day and by night arises as one thing and ceases as another.

""The instructed disciple of the noble ones, [however,] attends carefully & appropriately right there at the dependent co-arising:

""'When this is, that is.

""'From the arising of this comes the arising of that.

""'When this isn't, that isn't.

""'From the cessation of this comes the cessation of that. (SN 12)

The same goes for the world:

[When this was said, the Blessed One responded:] ""I tell you, friend, that it is not possible by traveling to know or see or reach a far end of the cosmos where one does not take birth, age, die, pass away, or reappear. But at the same time, I tell you that there is no making an end of suffering & stress without reaching the end of the cosmos. Yet it is just within this fathom-long body, with its perception & intellect, that I declare that there is the cosmos, the origination of the cosmos, the cessation of the cosmos, and the path of practice leading to the cessation of the cosmos.""


It's not to be reached by traveling,
		the end of the cosmos —
		regardless.
And it's not without reaching
	the end of the cosmos
	that there is release
	from suffering & stress.

So, truly, the wise one,
an expert with regard to the cosmos,
a knower of the end of the cosmos,
having fulfilled the holy life,
	calmed,
knowing the cosmos' end,
	doesn't long for this cosmos
		or for any other. (AN 4.45)

“Mind” “self” “world” “beings” these are conventions of language, concepts, they all arise and pass away right here in experience. Dependent origination is APPARENT HERE AND NOW. It’s all in your head. If you want to be free, be free right now by following the summary of all Dhammas “nothing whatsoever should be clung to”. Why isn’t this enough? Because you are not satisfied. Why do you need more, more information, more experiences, more insights, more Jhanas and attainments? Because YOU ARE NOT SATISFIED. This is the answer to all your questions.",42:10,https://youtu.be/-JnZaJ6exAQ?t=2530,2026-05-26
2koz1UDfzAU,You Don't Need Love | Tomas D #1 | 05.09.24,@ericglover4195,amazing 🙏🏼 49:30,49:30,https://youtu.be/2koz1UDfzAU?t=2970,2026-05-26
2koz1UDfzAU,You Don't Need Love | Tomas D #1 | 05.09.24,@zhatar4214,26:26 Watching frogs 🐸🤣,26:26,https://youtu.be/2koz1UDfzAU?t=1586,2026-05-26
2koz1UDfzAU,You Don't Need Love | Tomas D #1 | 05.09.24,@NothingTheGreat,26:27  solidarity with my brothers and sisters out there who struggle with watching frogs  😔✊,26:27,https://youtu.be/2koz1UDfzAU?t=1587,2026-05-26
4Z5U20qoRPI,We Don't Need To Be Right | The Sangha UK #212 | Dhammadasa | 04.25.24,@MountainDharma,"30:33 in response to the question about “just do nothing.” This is one of the biggest points people misunderstand. It’s not that we have to “do nothing.” That would be a rule that creates aversion to all doings. Rather, we realize there is nothing we need to do in order to be satisfied. We change the order. Instead of needing to get or do things to be satisfied. We start with satisfaction, then do whatever it is that we need to do while being satisfied. I’m currently working three jobs due to some temporary financial challenges. I have two kids. There is never a moment to actually do nothing. But I maintain an attitude of satisfaction, letting go of any wanting that may arise, as I calmly and happily go about my doings. The reason it’s so difficult for people to understand that satisfaction can come first, and that we don’t need dissatisfaction to motivate what we do, is simply because we have been doing the craving to get way our entire lives, in every culture, across all time. So as simple as this change in order sounds, every cell resists acceptance of it. Instead, we think we have to “do nothing” to be happy. How useless is that? Then we want to know how we motivate ourselves without that dissatisfaction, that wanting to get it do? That’s simple too: mindfulness and wisdom. We pay attention to our lives, and know with wisdom what needs to be done; and we do it. No dissatisfaction needed. Of course having too much to do and too much to maintain is more of that base dukkha, so we can use the mindfulness and wisdom to begin reducing the load where it is possible. But there’s another trap, don’t wait until the load is light to be satisfied. Be satisfied while patiently reducing the external load. The internal load can be lightened immediately. As Buddhadasa said, “Dhamma is duty. Duty is Dhamma.” Do work of all kinds with an attitude of satisfaction (everything is ok) and an attitude of friendship (everyone is a friend). In this way, the path is beautiful in the beginning, the middle, and the end.",30:33,https://youtu.be/4Z5U20qoRPI?t=1833,2026-05-26
JjNg9iJ-FAI,Stop Being on a Path | The Sangha UK #211 | 04.21.24,@MountainDharma,"30:58 what I would point out here and add to Michael’s response is that the purpose of Buddha Dhamma is not anatta (nonself) the purpose of the Dhamma is dukkha Nirodha, and the perception of anatta is only for that end. We have over time become hung up on anatta as an end goal when it’s just one perception that helps us renounce craving and clinging, so that we can realize the cessation of dukkha.",30:58,https://youtu.be/JjNg9iJ-FAI?t=1858,2026-05-26
0bg6bIvN8bg,Get Away From The World | Alberto #2 | 04.21.24,@issac7787,"18:00 "" what if nobody went into seclusion, it will become a madhouse """,18:00,https://youtu.be/0bg6bIvN8bg?t=1080,2026-05-26
NrPUgi740tw,Look at How You Feel | Ivan #10 | 04.22.24,@issac7787,"Thank you Dhammarato for your endless patience, getting a better perspective of things, to see the dislike and get beyond the liking/disliking. Right viewing, remember to look at how you feel. Looking at it from a distance, gazing at it 11:00 bringing wisdom to it. We have a choice in how we feel, rather than grasping and clinging. 

-Ivan",11:00,https://youtu.be/NrPUgi740tw?t=660,2026-05-26
xXUyrlFDUJA,We Have To Find Out For Ourselves | Dhamma Dasa & DJ | The Sangha UK #210 | 04.17.24,@issac7787,DJ take on 1:02:00 on guarding the senses while grounded in the here and the now,1:02:00,https://youtu.be/xXUyrlFDUJA?t=3720,2026-05-26
7qAHShSSkyE,Noise and Sensations | Ivan #9 with Toumas | 04.09.24,@issac7787,49:00,49:00,https://youtu.be/7qAHShSSkyE?t=2940,2026-05-26
A5GFsbohsXo,Drop Both Sides of the Fight | Paulius #1 | 04.07.24,@basketballTaco,"27:56 --> Getting tea is easy enough to do, but what are you gonna do if you get up and go to the kitchen and there's no tea? I'm gonna use that as a reminder to not turn easy things into hard things, mindlessly. No tea, no problem.",27:56,https://youtu.be/A5GFsbohsXo?t=1676,2026-05-26
74HpXZUtEPo,Progress and Problems | The Sangha UK #207 | 04.07.24,@issac7787,10:00,10:00,https://youtu.be/74HpXZUtEPo?t=600,2026-05-26
74HpXZUtEPo,Progress and Problems | The Sangha UK #207 | 04.07.24,@MountainDharma,30:00 to 33:00 is full of gold 😊,30:00,https://youtu.be/74HpXZUtEPo?t=1800,2026-05-26
74HpXZUtEPo,Progress and Problems | The Sangha UK #207 | 04.07.24,@MountainDharma,30:00 to 33:00 is full of gold 😊,33:00,https://youtu.be/74HpXZUtEPo?t=1980,2026-05-26
rjvmcsorTzk,Enjoy the Moment Without Grasping | Dhamma Dasa & DJ | The Sangha UK #206 | 04.03.24,@nowmichaelclark,"Dhamma Dasa, who's the Indian saint that you're referring to at 30:37?",30:37,https://youtu.be/rjvmcsorTzk?t=1837,2026-05-26
JP3DM0yWHS0,Loneliness and Confidence | The Sangha US #109 | 03.29.24,@issac7787,21:10,21:10,https://youtu.be/JP3DM0yWHS0?t=1270,2026-05-26
s0NORgvDnoc,The Outcome of Correct Practice | The Sangha UK #203 | 03.24.24,@MountainDharma,"58:50 onwards ❤ the point I used to miss is that we put life in the wrong order. We strive and do all kinds of work in order to be happy. Instead, start happy, then do whatever we have to do or want to do, happily. Happy in the beginning, middle, and end rather than happiness being an ever retreating horizon that we struggle to never reach. 😊",58:50,https://youtu.be/s0NORgvDnoc?t=3530,2026-05-26
ffyqt7z6dq4,"Don't Get it Right, Just Get it Happily | On the Porch with David B #2 | 03.30.24",@issac7787,1:13:00,1:13:00,https://youtu.be/ffyqt7z6dq4?t=4380,2026-05-26
ffyqt7z6dq4,"Don't Get it Right, Just Get it Happily | On the Porch with David B #2 | 03.30.24",@MountainDharma,1:35:00 the shift begins right here. Dhammarato entertained all the speculative views until right here with boundless patience,1:35:00,https://youtu.be/ffyqt7z6dq4?t=5700,2026-05-26
ffyqt7z6dq4,"Don't Get it Right, Just Get it Happily | On the Porch with David B #2 | 03.30.24",@whitenozze,1:44:00 best part,1:44:00,https://youtu.be/ffyqt7z6dq4?t=6240,2026-05-26
ffyqt7z6dq4,"Don't Get it Right, Just Get it Happily | On the Porch with David B #2 | 03.30.24",@MountainDharma,"More gold at 1:11:40. What’s educational for all of us is when we Watch ourselves come up with all our reasons so many things are wrong, or need to be done, or needs to be fixed, or needs to be gained, and we believe our never ending list while we see another’s list as their own set of reasons to remain dissatisfied. At that point, we realize that we are all the same, we are all just listing reasons to remain dissatisfied when Dhammarato is sitting there telling us there is not one single legitimate reason to be dissatisfied. And the endless pivoting: “ok, you’re right, that list I just gave is ok, but how about this other list, and this other list?” It’s never ending. Just throw it all out and be satisfied. Nothing is wrong. Nothing is missing.",1:11:40,https://youtu.be/ffyqt7z6dq4?t=4300,2026-05-26
ffyqt7z6dq4,"Don't Get it Right, Just Get it Happily | On the Porch with David B #2 | 03.30.24",@MountainDharma,"Just after 20:30 Dhammarato delivers his core teaching and after a year of talking to him and watching these videos, I’m even more amazed at how subtle and profound it is that he can listen to all of us go back to our delusions over and over and over when we called him for directions out of it. It’s just amazing insight, compassion, patience, and conviction that Dhammarato has to listen to everyone’s well articulated BS and still have the ability to calmly direct us back to the only point: no matter what you are looking for, the only reason you are looking is because you are dissatisfied and seeking a cure to that dissatisfaction. Simply stop looking and be satisfied. Nothing is missing! 😂",20:30,https://youtu.be/ffyqt7z6dq4?t=1230,2026-05-26
9yT4o5gsmHU,Starting at the Beginning | Michael M #6 | 03.20.24,@issac7787,8:50,8:50,https://youtu.be/9yT4o5gsmHU?t=530,2026-05-26
7CeVVQ_doHc,How to Breath Well | Ivan #7 | 03.12.24,@issac7787,10:40,10:40,https://youtu.be/7CeVVQ_doHc?t=640,2026-05-26
oG3TM6I_qdA,Remember to Be Here Now | Ivan #6 | 03.04.24,@issac7787,12:50,12:50,https://youtu.be/oG3TM6I_qdA?t=770,2026-05-26
mzFCMkSEe5w,Guide to Being Safe | Ivan #2 | 01.24.24,@issac7787,6:30,6:30,https://youtu.be/mzFCMkSEe5w?t=390,2026-05-26
mzFCMkSEe5w,Guide to Being Safe | Ivan #2 | 01.24.24,@issac7787,34:30,34:30,https://youtu.be/mzFCMkSEe5w?t=2070,2026-05-26
mzFCMkSEe5w,Guide to Being Safe | Ivan #2 | 01.24.24,@issac7787,17:00,17:00,https://youtu.be/mzFCMkSEe5w?t=1020,2026-05-26
mzFCMkSEe5w,Guide to Being Safe | Ivan #2 | 01.24.24,@issac7787,20:00,20:00,https://youtu.be/mzFCMkSEe5w?t=1200,2026-05-26
mzFCMkSEe5w,Guide to Being Safe | Ivan #2 | 01.24.24,@issac7787,34:00,34:00,https://youtu.be/mzFCMkSEe5w?t=2040,2026-05-26
WKZKz91bLNM,Alax P 1 12 24,@whitenozze,"28:00 I see this as the the tears r the dark night of the soul. After the dark night is the healing, but the dark night is skippable",28:00,https://youtu.be/WKZKz91bLNM?t=1680,2026-05-26
qe3pKtd_f34,Freddie #6 | 01.10.24,@whitenozze,38:00 gold,38:00,https://youtu.be/qe3pKtd_f34?t=2280,2026-05-26
x2s77zprpUE,First Call | Ivan #1 | 01.10.24,@issac7787,12:00,12:00,https://youtu.be/x2s77zprpUE?t=720,2026-05-26
x2s77zprpUE,First Call | Ivan #1 | 01.10.24,@issac7787,13:45,13:45,https://youtu.be/x2s77zprpUE?t=825,2026-05-26
RQ0pOOJAwlI,Hinderances | The Sangha UK #172 | 11.26.23,@issac7787,23:20 Experienced energy without measure.,23:20,https://youtu.be/RQ0pOOJAwlI?t=1400,2026-05-26
RQ0pOOJAwlI,Hinderances | The Sangha UK #172 | 11.26.23,@issac7787,"18:00 Discussion on body awareness. Mudras (reminds me how yogis from india practice this sort of meditation where they try feel force of energy between hand, they call it chakara)",18:00,https://youtu.be/RQ0pOOJAwlI?t=1080,2026-05-26
RQ0pOOJAwlI,Hinderances | The Sangha UK #172 | 11.26.23,@issac7787,9:00 telling kid not to do something will drive them more towards doing it,9:00,https://youtu.be/RQ0pOOJAwlI?t=540,2026-05-26
pIg-mdX2kK8,Andrew  10 8 23,@whitenozze,1:01:15,1:01:15,https://youtu.be/pIg-mdX2kK8?t=3675,2026-05-26
ZEUBit650sc,"No Place To Go, You Will Never Be Late | The Sangha US #85 | 09.23.23",@MountainDharma,12:28 ❤,12:28,https://youtu.be/ZEUBit650sc?t=748,2026-05-26
ZEUBit650sc,"No Place To Go, You Will Never Be Late | The Sangha US #85 | 09.23.23",@OnerousEthic,"19:15 “…humanity has never had a good government.” Bravo! I couldn’t agree more!

And I agree that a benevolent dictatorship would be an improvement on democracy as it exists today.",19:15,https://youtu.be/ZEUBit650sc?t=1155,2026-05-26
XxICubeetqI,Who Should Be Teaching The Dhamma? | Cathal #7 | 09.28.23,@issac7787,47:00 Thich nhat hanh explain it better in context of power,47:00,https://youtu.be/XxICubeetqI?t=2820,2026-05-26
XxICubeetqI,Who Should Be Teaching The Dhamma? | Cathal #7 | 09.28.23,@issac7787,19:20 recognize dukkha from a distance,19:20,https://youtu.be/XxICubeetqI?t=1160,2026-05-26
y_O2ayIypCw,Gerry #15 | 09.10.23,@basketballTaco,"34:14 ""He didn't criticize me as much as I could!"" 😂 Brilliant—even the inner critic can be a toy.",34:14,https://youtu.be/y_O2ayIypCw?t=2054,2026-05-26
WlnfKlvqDn4,Brahmalokas and Infinite Awareness | The Sangha UK #157 | 09.10.23,@whitenozze,46:05,46:05,https://youtu.be/WlnfKlvqDn4?t=2765,2026-05-26
r1XSxCAmKe0,Rinse and Repeat - Enjoy this Moment | Gerry #11 | 07.26.23,@whitenozze,8:17,8:17,https://youtu.be/r1XSxCAmKe0?t=497,2026-05-26
r1XSxCAmKe0,Rinse and Repeat - Enjoy this Moment | Gerry #11 | 07.26.23,@whitenozze,5:40,5:40,https://youtu.be/r1XSxCAmKe0?t=340,2026-05-26
J6jES2jskbw,"Anatta, the Fetters and the Sotpanna Path | The Sangha UK #133 | 05.27.23",@MountainDharma,18:00 - 23:00 another amazing several minutes that summarizes the whole process of this practice (from victim/loser to winner to the transcendent out of the fight/above the world 😊,18:00,https://youtu.be/J6jES2jskbw?t=1080,2026-05-26
J6jES2jskbw,"Anatta, the Fetters and the Sotpanna Path | The Sangha UK #133 | 05.27.23",@MountainDharma,18:00 - 23:00 another amazing several minutes that summarizes the whole process of this practice (from victim/loser to winner to the transcendent out of the fight/above the world 😊,23:00,https://youtu.be/J6jES2jskbw?t=1380,2026-05-26
kEUTYE4jPWA,Free Will | Michael M #5 | 05.09.23,@MountainDharma,37:40 is my personal samsara. It’s helpful for me to rewatch this moment of insight,37:40,https://youtu.be/kEUTYE4jPWA?t=2260,2026-05-26
5SLpPCjKVNM,What Is The World? | Sangha US #1 | 08.21.21,@christinavolpicelli,30:48  😂,30:48,https://youtu.be/5SLpPCjKVNM?t=1848,2026-05-26
5SLpPCjKVNM,What Is The World? | Sangha US #1 | 08.21.21,@whitenozze,55:00 I call it being a wizard and using spells,55:00,https://youtu.be/5SLpPCjKVNM?t=3300,2026-05-26
mIaEj19Ig9A,Cathal #6 | 04.13.23,@issac7787,9:00,9:00,https://youtu.be/mIaEj19Ig9A?t=540,2026-05-26
mIaEj19Ig9A,Cathal #6 | 04.13.23,@issac7787,26:00,26:00,https://youtu.be/mIaEj19Ig9A?t=1560,2026-05-26
mIaEj19Ig9A,Cathal #6 | 04.13.23,@issac7787,15:43,15:43,https://youtu.be/mIaEj19Ig9A?t=943,2026-05-26
0L3AvEwLBEQ,Martin 4 14 23,@whitenozze,16:00,16:00,https://youtu.be/0L3AvEwLBEQ?t=960,2026-05-26
RtAz6i-3h_0,Gerry #3 | 04.05.23,@whitenozze,7:00 dhammarato you make me laugh so hard xD,7:00,https://youtu.be/RtAz6i-3h_0?t=420,2026-05-26
o_FSK__vRyg,Alex H 10 3 16 23,@whitenozze,33:00,33:00,https://youtu.be/o_FSK__vRyg?t=1980,2026-05-26
h9cxtLg1gJM,Drowsiness | Michael M #3 | 03.16.23,@whitenozze,28:00 could this be a natural release of dmt?? Sure feels like it,28:00,https://youtu.be/h9cxtLg1gJM?t=1680,2026-05-26
f-hbnGVPpOo,Keyshawn Alex 2 21 23,@whitenozze,51:00 alex getting a great birds eye view on the practice,51:00,https://youtu.be/f-hbnGVPpOo?t=3060,2026-05-26
JQVSK718cAQ,Alex P 30 3 17 23,@whitenozze,"23:00 drato is a great pick up artist, no surprise",23:00,https://youtu.be/JQVSK718cAQ?t=1380,2026-05-26
vpbEpN66olA,The Sangha UK #106 | 02.12.23,@whitenozze,8:00 I love this xD I am quiet too,8:00,https://youtu.be/vpbEpN66olA?t=480,2026-05-26
NawnPbuIJK4,Andy 1st call 1 29 23,@whitenozze,34:00,34:00,https://youtu.be/NawnPbuIJK4?t=2040,2026-05-26
NawnPbuIJK4,Andy 1st call 1 29 23,@whitenozze,27:10,27:10,https://youtu.be/NawnPbuIJK4?t=1630,2026-05-26
NawnPbuIJK4,Andy 1st call 1 29 23,@whitenozze,10:45 yeyuppp 😎,10:45,https://youtu.be/NawnPbuIJK4?t=645,2026-05-26
3Wyhkumk7Uo,Agnes #18 | 01.21.23,@whitenozze,Yes Agnes!!!! 20:00,20:00,https://youtu.be/3Wyhkumk7Uo?t=1200,2026-05-26
SRrdfe9HPNA,Alex J 5  1 13 23,@whitenozze,"20:00 drato is not thinking while he hears others speak, he's flying high and looking at the entire landscape...when there's an opening, he sees where the conversation came from and where it's going. From there he can insert the wholesome into the conversation with either the beginning, the middle and/or the end, helping bring the student back to the Buddha dhamm. Masterful",20:00,https://youtu.be/SRrdfe9HPNA?t=1200,2026-05-26
0FuKhDluBsc,The Sangha UK #93 | 01.04.23,@whitenozze,"17:30 yup, good answer",17:30,https://youtu.be/0FuKhDluBsc?t=1050,2026-05-26
RmjUeRfKzbs,The Sangha US #54 | 12.24.22,@whitenozze,42:00 sounds familiar xD,42:00,https://youtu.be/RmjUeRfKzbs?t=2520,2026-05-26
AQyFE-vQ_aY,Doubt and Clear Comprehension | Jarlebanke (Alex) #2 | 11.29.22,@whitenozze,31:00 great,31:00,https://youtu.be/AQyFE-vQ_aY?t=1860,2026-05-26
AXAYuuDNmXk,List the Things to Not Think About | Markus M #10 | 12.4.22,@zhatar4214,39:30  Internal conflict from rules,39:30,https://youtu.be/AXAYuuDNmXk?t=2370,2026-05-26
muAn1_0Umhk,Intro to Paticca Samuppada (Part 1) | Spurgeon #5 | 11.29.22,@whitenozze,19:00 perfect,19:00,https://youtu.be/muAn1_0Umhk?t=1140,2026-05-26
4VZrd887EJU,Caring and Dying | The Sangha UK #80 | 10.23.22,@whitenozze,10:00 ♥,10:00,https://youtu.be/4VZrd887EJU?t=600,2026-05-26
ZBePpx5UD24,Can-do Attitude | Keyshawn #24 | 10.18.22,@whitenozze,11:45 amazing lessons,11:45,https://youtu.be/ZBePpx5UD24?t=705,2026-05-26
a0_m8dYZoWk,The Buddha’s Smile | Marcus #39 | 10.12.22,@starshiptexas,"34:15 the ""dry"" method isn't to stop anything. You just note the things you notice. One of the goals is to notice them more quickly. The only way in which it is ""stopping"" is that often, for example, with thinking, once you've noted thinking the thinking has already stopped and you're back to being mindful rather than letting your brain run away. Mahasi method is very much not about trying to stop or control anything. It's about seeing clearly the way things are, the insight and changes come on their own, you will know what to do. I think it can be more powerful figuring things out on your own but good dhamma talks are wonderful as well. 🧡",34:15,https://youtu.be/a0_m8dYZoWk?t=2055,2026-05-26
1tON5iMQrRk,Everything | The Sangha UK #72 | 9.14.22,@whitenozze,"35:00 ""oh its a chemical imbalance in my brain"" "" we can change the chemical balance in our brain"" perfect answer xD legendary",35:00,https://youtu.be/1tON5iMQrRk?t=2100,2026-05-26
nGxaDJ3xp3I,Choosing Happiness | The Sangha UK #64 | 8.14.22,@ipitchford,40:38 You mean “posterior” where you say “anterior” here.,40:38,https://youtu.be/nGxaDJ3xp3I?t=2438,2026-05-26
FS3hp4ljRtY,Tensions in the Body | The Sangha UK #61 | 8.3.22,@whitenozze,28:00 I like to breath in an equal expansion like a sphere. Less like a tall glass filling up from bottom to top,28:00,https://youtu.be/FS3hp4ljRtY?t=1680,2026-05-26
85r0Q2XHuuQ,Everything Falls Apart | Tessa #8 | 7.30.22,@whitenozze,"46:00 dhammarato reminds me of ayahuasca with his repetition of coming back to the noticing of the loop. his patience must truly come from being happy right now, what a gem",46:00,https://youtu.be/85r0Q2XHuuQ?t=2760,2026-05-26
85r0Q2XHuuQ,Everything Falls Apart | Tessa #8 | 7.30.22,@whitenozze,"15:00 well said, only 1 things at a time, let's make that thing happy, wakey wakey",15:00,https://youtu.be/85r0Q2XHuuQ?t=900,2026-05-26
7HzFahd0JW4,Delusion | Markus M #4 | 7.29.22,@issac7787,Everyone has anxiety/depressive disorder if paid attention closely 7:00,7:00,https://youtu.be/7HzFahd0JW4?t=420,2026-05-26
kMqCRp3VVEw,Dispassion & Disenchantment | The Sangha UK #59 | 7.27.22,@whitenozze,0:00 been there Xd,0:00,https://youtu.be/kMqCRp3VVEw?t=0,2026-05-26
OG-ARo8PCkc,"Desire, Will, & Destiny | The Sangha US #38 | 07.22.22",@issac7787,38:00,38:00,https://youtu.be/OG-ARo8PCkc?t=2280,2026-05-26
HJWTjGD-kKE,Anxiety Feedback Loops | The Sangha UK #57 | 7.20.22,@whitenozze,"58:00 rob can you be happy getting up to get the smokes or drinks? can you be happy pouring the drink? can you be happy holding the drink? can you be happy after 1 sip? if you can keep the satisfaction going you may find just making the drink or holding the smokes is enough, or just 1 puff is enough. not to say more is unwholesome, rather keep an eye on your satisfaction and make sure you are cultivating it the same way it started up, relaxing and feeling safe in the present",58:00,https://youtu.be/HJWTjGD-kKE?t=3480,2026-05-26
HJWTjGD-kKE,Anxiety Feedback Loops | The Sangha UK #57 | 7.20.22,@whitenozze,24:10 just take ur shit xD,24:10,https://youtu.be/HJWTjGD-kKE?t=1450,2026-05-26
z_AZGxu7b7c,"Right Attitude, Confirmation Bias, Dukkha Ñnas | The Sangha UK #56 | 7.14.22",@whitenozze,"27:30 well said xD, the anti is uped",27:30,https://youtu.be/z_AZGxu7b7c?t=1650,2026-05-26
Z1WpdTuQODs,Don’t Map the Dungeon | The Sangha UK #54 | 7.7.22,@whitenozze,"23:00 it's all a carefully built house of cards. when you get tired (and notice the fatigue) of trying to build that house of cards, you can hit the table and watch the cards fall down and and peacefully lay flat where they want to be",23:00,https://youtu.be/Z1WpdTuQODs?t=1380,2026-05-26
eTsVGl5R7Vg,Jumping with Joy | Cathal #2 | 7.7.22,@issac7787,47:00 Bikkhu Buddhadasa emphasizing gladdening mind first but on page 200 of the book,47:00,https://youtu.be/eTsVGl5R7Vg?t=2820,2026-05-26
q4UlI7mbMhA,"Instant Gratification | Cathal #1, Eno | 6.30.22",@issac7787,11:30,11:30,https://youtu.be/q4UlI7mbMhA?t=690,2026-05-26
q4UlI7mbMhA,"Instant Gratification | Cathal #1, Eno | 6.30.22",@zhatar4214,37:37 Gem 💎,37:37,https://youtu.be/q4UlI7mbMhA?t=2257,2026-05-26
hOTwhfWX62k,Playing with Dependent Origination (again) | Laurent #7 | 6.2.22,@zhatar4214,36:39,36:39,https://youtu.be/hOTwhfWX62k?t=2199,2026-05-26
14RANWd18nc,Using Jhanas to Perceive Dependent Origination | Scott #8 | 6.27.22,@zhatar4214,"44:00 There is no magic there is only lack of perception, we didn't see what happened",44:00,https://youtu.be/14RANWd18nc?t=2640,2026-05-26
14RANWd18nc,Using Jhanas to Perceive Dependent Origination | Scott #8 | 6.27.22,@chillwp179,Skip to 4:00 for better audio,4:00,https://youtu.be/14RANWd18nc?t=240,2026-05-26
9Ujz-oY9K9o,Soaking up Success | Robert Ca | 6.3.22,@whitenozze,48:30 IM the boss 😤,48:30,https://youtu.be/9Ujz-oY9K9o?t=2910,2026-05-26
9Ujz-oY9K9o,Soaking up Success | Robert Ca | 6.3.22,@whitenozze,43:00 very helpful,43:00,https://youtu.be/9Ujz-oY9K9o?t=2580,2026-05-26
TDP1ZD_Wrpc,Life is Sensational | Alex #31 | 5.25.22,@issac7787,"42:11 Fourth jhāna;
Great sharing !
TQ dhammarato",42:11,https://youtu.be/TDP1ZD_Wrpc?t=2531,2026-05-26
ysLtJeUmB_s,"Becoming Lighter: Nothing is Good Enough | Laurent #7, Scott #7 | 5.20.22",@whitenozze,54:00:00,54:00:00,https://youtu.be/ysLtJeUmB_s?t=194400,2026-05-26
hM5zIa2Kre8,Gaps in Goenka; Shining a Light | Will #1 | 5.18.22,@dhammariver8492,"34:20 we don't live in a paradise. I like this teacher, don't get me wrong, I think he's great 👍 but I believe this particular teaching was wrong because the Buddha taught that dukkha is inherent in the object. It's not something that we impose on reality with our mind. Not seeing this is classified as ""vipallasa"" (hallucination, perversion of view). The world is not perfect as it is. It's actually the opposite. The world is incomplete and flawed and constantly breaking up. This is dukkha. The mind seeks to complete itself with attractive objects and keeps failing because the objects themselves are impermanent and unsatisfactory.",34:20,https://youtu.be/hM5zIa2Kre8?t=2060,2026-05-26
wP-yevnod50,The Destination is Here | The Sangha UK #42 | 5.4.22,@whitenozze,"8:50 👌,  13:04",8:50,https://youtu.be/wP-yevnod50?t=530,2026-05-26
wP-yevnod50,The Destination is Here | The Sangha UK #42 | 5.4.22,@whitenozze,"8:50 👌,  13:04",13:04,https://youtu.be/wP-yevnod50?t=784,2026-05-26
G5rrGC5h3nY,Anticipation & Right Attitude | The Sangha US #29 | 04.29.22,@whitenozze,18:20 🙌,18:20,https://youtu.be/G5rrGC5h3nY?t=1100,2026-05-26
B72jL6shQ84,Stop the Fight | Danny V #1 | 4.23.22,@basketballTaco,"""...so that means that we've got several objects we're going to look at, because the objects are actually ways of looking for dukkha. And that's all we're gonna do—just find the dukkha and throw it out."" - 29:02 

Because the objects are ways of looking for dukkha! The moment I heard that it instantly clarified things and gave me newfound confidence in anapanasati. Huge thanks to both of you for this video 🙏💡",29:02,https://youtu.be/B72jL6shQ84?t=1742,2026-05-26
lLq9vmEdxbY,Direct Knowledge | The Sangha US #25 | 04.01.22,@whitenozze,1:32:30 yass,1:32:30,https://youtu.be/lLq9vmEdxbY?t=5550,2026-05-26
P3mxq8h8o4I,Meditation is not Deep | Scott #6 | 3.25.22,@Landulph,13:45,13:45,https://youtu.be/P3mxq8h8o4I?t=825,2026-05-26
P3mxq8h8o4I,Meditation is not Deep | Scott #6 | 3.25.22,@whitenozze,14:00 xD,14:00,https://youtu.be/P3mxq8h8o4I?t=840,2026-05-26
P3mxq8h8o4I,Meditation is not Deep | Scott #6 | 3.25.22,@whitenozze,1:09:25 lool,1:09:25,https://youtu.be/P3mxq8h8o4I?t=4165,2026-05-26
P3mxq8h8o4I,Meditation is not Deep | Scott #6 | 3.25.22,@whitenozze,1:18:35 👌,1:18:35,https://youtu.be/P3mxq8h8o4I?t=4715,2026-05-26
uc-qDJZLOCo,Guided Meditation & Hypnosis | Robert Ca #5 | 3.24.22,@zhatar4214,13:00 Depression is self hypnosis gone wrong,13:00,https://youtu.be/uc-qDJZLOCo?t=780,2026-05-26
uc-qDJZLOCo,Guided Meditation & Hypnosis | Robert Ca #5 | 3.24.22,@whitenozze,33:48 xD,33:48,https://youtu.be/uc-qDJZLOCo?t=2028,2026-05-26
-mRC97RyM2g,From Work to Play | The Sangha UK #32 | 3.7.22,@issac7787,38:00,38:00,https://youtu.be/-mRC97RyM2g?t=2280,2026-05-26
-WptKjuw5SA,Having Permission | Alex P #25 | 3.4.22,@whitenozze,3:00 this is why I love to fly with/as the hawk soaring over head,3:00,https://youtu.be/-WptKjuw5SA?t=180,2026-05-26
M3v-TDEzRNc,Stop Struggling | Alex P #27 | 3.9.22,@issac7787,26:00 😂😂😆😆,26:00,https://youtu.be/M3v-TDEzRNc?t=1560,2026-05-26
M3v-TDEzRNc,Stop Struggling | Alex P #27 | 3.9.22,@tonalpohualli2,17:55 🤯,17:55,https://youtu.be/M3v-TDEzRNc?t=1075,2026-05-26
yIkQeCte15c,Anapanasati: Formal and Informal | James H #1 | 2.17.22,@issac7787,11:33 be in tuned with what you're thinking,11:33,https://youtu.be/yIkQeCte15c?t=693,2026-05-26
yIkQeCte15c,Anapanasati: Formal and Informal | James H #1 | 2.17.22,@issac7787,31:00,31:00,https://youtu.be/yIkQeCte15c?t=1860,2026-05-26
yIkQeCte15c,Anapanasati: Formal and Informal | James H #1 | 2.17.22,@key337,24:30 Guided meditation,24:30,https://youtu.be/yIkQeCte15c?t=1470,2026-05-26
ZCpLFzIfkzY,Take 5 - Everything is OK | The Sangha UK #26 | 2.6.22,@dhammadasa2563,"28:11 The practice is a joy within itself,  Absolutely,  Love all of u🙏🏾👍🏽🌱🏄🏽‍♂️❤☀️☀️☀️",28:11,https://youtu.be/ZCpLFzIfkzY?t=1691,2026-05-26
iritLaHYj1w,Can See Clearly Now | Alex P #8 | 1.30.22,@MountainDharma,48:41 everyone always asks Dhammarato “what next?” But he gave the whole process away here in this analysis of the cow herd analogy 😊,48:41,https://youtu.be/iritLaHYj1w?t=2921,2026-05-26
uZeWEUf-Phs,Building Confidence Through Understanding | Joe #8 | 1.20.22,@MountainDharma,"The discussion on Nibbita (disenchantment) starting at 47:00 is deeply delightful. In fact, this has been a big dhamma addiction for me, going back into delusion just to have the joy of coming back out of it again, over and over. Been doing that since a very young age. The missing piece for me was being told, by Dhammarato, to be satisfied with what I have already come to know and understand. That just this amount of understanding is good enough. Satisfaction must follow every step or else it’s possible to go back into the craving/dissatisfaction origin point in dependent origination. Many of us dhamma lovers get in this cycle",47:00,https://youtu.be/uZeWEUf-Phs?t=2820,2026-05-26
uZeWEUf-Phs,Building Confidence Through Understanding | Joe #8 | 1.20.22,@MountainDharma,53:25 is a good short! Laughing to “ why do we need to gain?” To “it’s a pile of shit”,53:25,https://youtu.be/uZeWEUf-Phs?t=3205,2026-05-26
BexUdhyzE7M,The Sangha UK #23 | 1.19.22,@zhatar4214,"48:00 How much of it is mental and how much of it is physical, looking at the sensations of hunger",48:00,https://youtu.be/BexUdhyzE7M?t=2880,2026-05-26
BexUdhyzE7M,The Sangha UK #23 | 1.19.22,@zhatar4214,29:00 Be satisfied without enjoying the tension,29:00,https://youtu.be/BexUdhyzE7M?t=1740,2026-05-26
-jtfPNlxU6s,"Friends with the Darkness | Joni #8, Joe #8 | 12.24.21",@zhatar4214,1:00:35,1:00:35,https://youtu.be/-jtfPNlxU6s?t=3635,2026-05-26
7zSpgJKqcLI,Waking Up | Alex P #4 | 12.21.21,@UsuallyMattIngy,51:40 😊,51:40,https://youtu.be/7zSpgJKqcLI?t=3100,2026-05-26
TLAQMsRLJjc,The Practice Is Repeated Success | Alex P #3 | 12.20.21,@slamallama2385,37:10 yes! Preach it Alex!,37:10,https://youtu.be/TLAQMsRLJjc?t=2230,2026-05-26
TLAQMsRLJjc,The Practice Is Repeated Success | Alex P #3 | 12.20.21,@whitenozze,50:40 loool,50:40,https://youtu.be/TLAQMsRLJjc?t=3040,2026-05-26
kWdH0awBK94,Step by Step | Alex P #2 | 12.19.21,@whitenozze,53:00,53:00,https://youtu.be/kWdH0awBK94?t=3180,2026-05-26
jWaNX9puRE0,Paticca Samuppada at Feelings | Joe #2 | 11.18.21,@MountainDharma,45:39 the Barbie doll analogy in response to this question is absolutely illuminating,45:39,https://youtu.be/jWaNX9puRE0?t=2739,2026-05-26
H8sh9nBL9Sw,Gladdening the Mind Is Necessary | Anonymous-5 #15 | 8.18.21,@issac7787,7:50,7:50,https://youtu.be/H8sh9nBL9Sw?t=470,2026-05-26
_v6H_34xHRc,"Turning Jungle into Paradise, Nurturing vs. Critical Thinking | Christopher #2, Rodrigo #3 | 8.13.21",@zhatar4214,1:01:35,1:01:35,https://youtu.be/_v6H_34xHRc?t=3695,2026-05-26
_v6H_34xHRc,"Turning Jungle into Paradise, Nurturing vs. Critical Thinking | Christopher #2, Rodrigo #3 | 8.13.21",@zhatar4214,22:37 Nurturing the mind,22:37,https://youtu.be/_v6H_34xHRc?t=1357,2026-05-26
D3rQZpqYhfI,"The only Teaching of The Buddha: Dukkha, Dukkha Nirodha | Anna #2 | 8.6.21",@tonnsarv,"BTW:, in Anurādha Sutta  (SN 22:86): 

 “And so, Anurādha—when you can’t pin down the Tathāgata as a truth or reality even in the present life—is it proper for you to declare, ‘Friends, the Tathāgata—the supreme man, the superlative man, attainer of the superlative attainment—being described, is described otherwise than with these four positions: The Tathāgata exists after death, does not exist after death, both does & does not exist after death, neither exists nor does not exist after death’?”

“No, lord.”

“Very good, Anurādha. Very good. Both formerly & now, it is only stress that I describe, and the cessation of stress.”",22:86,https://youtu.be/D3rQZpqYhfI?t=1406,2026-05-26
IE2vife1zM8,How to Enjoy Your Job And Never Work a Day in Your Life! | Ben M #15 | 7.11.21,@issac7787,13:30,13:30,https://youtu.be/IE2vife1zM8?t=810,2026-05-26
zPaMw0E4qLo,You Can Meditate Wherever You Are | Ben M #12 | 6.20.21,@MountainDharma,47:21 there’s definitely a good short in there 😊,47:21,https://youtu.be/zPaMw0E4qLo?t=2841,2026-05-26
8PLm5VcBmlU,"The Jhanas and Anapanasati | Zach #1, Anonymous-5 | 6.16.21",@tonnsarv,"Please retouch the particular sutta, mentioned at 12:30 as ""one eleven"".",12:30,https://youtu.be/8PLm5VcBmlU?t=750,2026-05-26
8PLm5VcBmlU,"The Jhanas and Anapanasati | Zach #1, Anonymous-5 | 6.16.21",@Parker-cp6ty,"Hello here are a few other videos and timestamps where MN 111: One by One is discussed:

https://youtu.be/6dVW8wl7ElI starting at 48:56,

https://youtu.be/sNTpTI48aUI starting at 04:00,

and https://youtu.be/s8uhZnnWwdY seems to be mostly talking about this sutta.",48:56,https://youtu.be/8PLm5VcBmlU?t=2936,2026-05-26
8PLm5VcBmlU,"The Jhanas and Anapanasati | Zach #1, Anonymous-5 | 6.16.21",@Parker-cp6ty,"Hello here are a few other videos and timestamps where MN 111: One by One is discussed:

https://youtu.be/6dVW8wl7ElI starting at 48:56,

https://youtu.be/sNTpTI48aUI starting at 04:00,

and https://youtu.be/s8uhZnnWwdY seems to be mostly talking about this sutta.",04:00,https://youtu.be/8PLm5VcBmlU?t=240,2026-05-26
nTUtYI8LwzY,How to Meditate with Dhammarato | Anonymous-5 #8 | 6.4.21,@issac7787,27:00,27:00,https://youtu.be/nTUtYI8LwzY?t=1620,2026-05-26
8hcTo2eQB2c,Nurturing Inside | Olivia #6 | 3.18.21,@dhammadasa2563,"@ 3:30 great story from the blessed Buddha 🙏🏾❤🌞, beautiful vid,  Great Wisdom from both of u",3:30,https://youtu.be/8hcTo2eQB2c?t=210,2026-05-26
htyslmRmgJw,Adne #1 | 3.10.21,@whitenozze,46:55,46:55,https://youtu.be/htyslmRmgJw?t=2815,2026-05-26
li8PX6eMOrw,Wow It Works—The Buddha Has Something Here | Keyshawn #6 | 2.7.21,@dhammadasa2563,"3:00 love this young mans story of Awareness in this part, Thank u again Master Dhammarato 🙏🏾🙏🏾🙏🏾🌸💐💖",3:00,https://youtu.be/li8PX6eMOrw?t=180,2026-05-26
HXyQNZXFEOE,Kashmira #1 | 2.19.21,@dhammadasa2563,"@ 42:45 She brings up a great point about a reward system,  beautiful Wisdom from you both🙏🏾❤, Thank you so much",42:45,https://youtu.be/HXyQNZXFEOE?t=2565,2026-05-26
iwsKCHDn-ak,Calling Again After Three Years to Start Again—Instruction and Guide | Steve #21 | 2.6.21,@soniquest,Instructions at 33:10,33:10,https://youtu.be/iwsKCHDn-ak?t=1990,2026-05-26
3A7TD4BNCKk,"Applied and Sustained Thought, Everything Really Is Okay | Conor #18 | 12.23.20",@zhatar4214,"12:12
Applied and sustained thought, sati is faculty of memory",12:12,https://youtu.be/3A7TD4BNCKk?t=732,2026-05-26
aSMaVj68FgU,Sloth and Torpor | Dennis #19 | 11.20.20,@zhatar4214,"59:36 
That seems to be my main hindrance, entertaining thoughts of what's not there, I have been allowing that because there is the belief that thinking and worrying about things will make sure that I will remember about them ,or that by thinking about them I can get ahead with some work, finding some solutions to problems Im not dealing with etc... 

Curious to see what happens if I don't entertain them anymore when I remember to",59:36,https://youtu.be/aSMaVj68FgU?t=3576,2026-05-26
ZTlt6TUAYTU,Nurturing the Mind | Devon #15 | 12.8.20,@dhammadasa2563,"16:20, great teaching on dealing with emotions 🙏🏾",16:20,https://youtu.be/ZTlt6TUAYTU?t=980,2026-05-26
ajCtCEmkQC8,"Chris #1, Marcel | 9.26.20",@dhammadasa2563,"Teaching of ""right now"" 3:08 , Simple & Amazing as usual ❤🙏🏾",3:08,https://youtu.be/ajCtCEmkQC8?t=188,2026-05-26
n5ZiM2DsfEI,Skill of Going into Jhana and the Skill of Staying in Jhana (Part 1/2) | Clint #8 | 9.7.20,@zhatar4214,27:00 Harming ourselves,27:00,https://youtu.be/n5ZiM2DsfEI?t=1620,2026-05-26
Wip71jjdIwI,Silabataparamasa Means the GREB Has You by the Throat | Chintan #14 | 7.7.20,@dhammadasa2563,7:00 very interesting historicle psychology info🙏🏾🌿☀️,7:00,https://youtu.be/Wip71jjdIwI?t=420,2026-05-26
YYjB2A_s9ME,Practice Sati | Dennis #5 | 6.26.20,@will_chamberlain,"6:25 That's something I've noticed more in my own life recently. At least for me, I notice different contradicting elements within myself, swapping out from moment to moment",6:25,https://youtu.be/YYjB2A_s9ME?t=385,2026-05-26
g5hkAws639o,Friends with the Mind by Having Friendly Thoughts | Chintan #10 | 6.23.20,@dhammadasa2563,@ 7:00 major Wisdom drop!☺🤗🙏🏽🌱☀️👍🏼,7:00,https://youtu.be/g5hkAws639o?t=420,2026-05-26
HSNnVsZZwTM,Taking the Joy out for a Walk | Matt G #23 | 6.21.20,@dhammadasa2563,"6:15 middle path, beautiful vid as usual 🙏🏽🙏🏽🙏🏽☀️🌝🌞🌱",6:15,https://youtu.be/HSNnVsZZwTM?t=375,2026-05-26
mXDfDb3y2xU,Anxiety at Work | Chintan #9 | 6.16.20,@dhammadasa2563,"6:21 Vedana discussed,  Awesome ☀️🙏🏽🌱",6:21,https://youtu.be/mXDfDb3y2xU?t=381,2026-05-26
QE3aAj2qP24,MN 48: Path Phase of Sotapanna | Aman | 10.17.19,@MountainDharma,10:44 the tippin point between the path and the fruit of sottapatti. This is so life changing in actual experience. All questions cease here,10:44,https://youtu.be/QE3aAj2qP24?t=644,2026-05-26
cKaqFsxPdLM,Distractions | Catalin | 9.6.19,@zhatar4214,"32:45 Right effort:trophy-yellow-smiling:, too little effort :face-purple-crying:, too much effort :face-orange-frowning:",32:45,https://youtu.be/cKaqFsxPdLM?t=1965,2026-05-26
cKaqFsxPdLM,Distractions | Catalin | 9.6.19,@zhatar4214,Noble path 26:40,26:40,https://youtu.be/cKaqFsxPdLM?t=1600,2026-05-26
mihuKFV6jOI,Catch It Early | Martin Z,@issac7787,13:30,13:30,https://youtu.be/mihuKFV6jOI?t=810,2026-05-26
fiKTL3r6sjk,Thoughts Are Not the Enemy | Natalie,@issac7787,"1:16:30 meditation put you in introversion, (rather than extroversion) is where good work is done",1:16:30,https://youtu.be/fiKTL3r6sjk?t=4590,2026-05-26
fiKTL3r6sjk,Thoughts Are Not the Enemy | Natalie,@issac7787,58:00 little white lies of society,58:00,https://youtu.be/fiKTL3r6sjk?t=3480,2026-05-26
fiKTL3r6sjk,Thoughts Are Not the Enemy | Natalie,@issac7787,"51:50 
1) too much pressure on breath ( people mistreating it as a goal to reach rather to enjoy) 
2) going home, you don't think about i should be home now, rather ""oh im going home"" feeling of joy, this is nirvana",51:50,https://youtu.be/fiKTL3r6sjk?t=3110,2026-05-26
fiKTL3r6sjk,Thoughts Are Not the Enemy | Natalie,@issac7787,46:00 arrow,46:00,https://youtu.be/fiKTL3r6sjk?t=2760,2026-05-26
fiKTL3r6sjk,Thoughts Are Not the Enemy | Natalie,@issac7787,25:30 getting out of cycle is losing things,25:30,https://youtu.be/fiKTL3r6sjk?t=1530,2026-05-26
vfyn1GTPdTU,Conceit: Best Seen Before it Hardens | Ferdinand,@dcdc92,"Wonderful insight at 14:30, Ferdinand! It made me think: I'll bet we do this the other way around, too– when we want to play the victim we'll choose unfavourable comparisons!",14:30,https://youtu.be/vfyn1GTPdTU?t=870,2026-05-26
xkSvzBWLh5s,"Mahasi, Culadasa, and First Jhana | Martin Z",@hansenmarc,1:04:27 This is very interesting.  I’ve never heard first jhana compared to what sounds like a flow state.,1:04:27,https://youtu.be/xkSvzBWLh5s?t=3867,2026-05-26
YpQFRjgRwRg,Guided Meditation - Anapanasati Step 1 | Anibal,@_eddiecole,5:43 isnt step ten experiencing the mind and step 9 is gladdening the mind?,5:43,https://youtu.be/YpQFRjgRwRg?t=343,2026-05-26
YpQFRjgRwRg,Guided Meditation - Anapanasati Step 1 | Anibal,@hansenmarc,"11:42 post-instructions meditation guidance

Thank you 🙏",11:42,https://youtu.be/YpQFRjgRwRg?t=702,2026-05-26
YpQFRjgRwRg,Guided Meditation - Anapanasati Step 1 | Anibal,@fundeadwarrior,09:28 guided meditation starts,09:28,https://youtu.be/YpQFRjgRwRg?t=568,2026-05-26
BSnPc-RS5XA,Guided Meditation | Zans,@hansenmarc,3:25 meditation begins,3:25,https://youtu.be/BSnPc-RS5XA?t=205,2026-05-26
qlv8sXMFaQo,Dark Night of the Soul | Dan C #3,@mihugong3153,"13:57 authentic Yoda laughter - the proof that Dhammarato is for real!!

Seriously: Very interesting take on the subject, thanks a lot! Interesting to see that you also support the notion that has been present in the TMI community, where I practice, that so-called ""dry insight"" can lead to rougher experiences. Where you seem to differ, at least as far as I understand, is that in the TMI community, the phenomenon is understood more as a psychological one - people who have much unresolved psychological issues when deep insight occurs are more likely do experience difficult experiences aka Dark Night... it's not so much connected to the theoretical framework / expecations one has.


Just my passing observation. I'm a humble practitioner and don't have first-hand experience with these issues, so I don't really have an opinion on this. Still, it is good to hear that I have a good chance to keep progressing on the path without definitely having to go through years of hell realm suffering, right? :)

Thanks again for your interesting answer. My very best wishes!",13:57,https://youtu.be/qlv8sXMFaQo?t=837,2026-05-26
ZOpvVQhyEdI,"Fetter 8: Mana, Conciet, Pride, Jelousy (Part 1/2) | Ferdinand",@issac7787,14:00,14:00,https://youtu.be/ZOpvVQhyEdI?t=840,2026-05-26
Za8HzVjNhW0,"Jhanas, Ambition, Cycles, Shoulds, Instinctual Feelings (Part 3/3) | Danny",@issac7787,18:30,18:30,https://youtu.be/Za8HzVjNhW0?t=1110,2026-05-26
Za8HzVjNhW0,"Jhanas, Ambition, Cycles, Shoulds, Instinctual Feelings (Part 3/3) | Danny",@issac7787,25:00,25:00,https://youtu.be/Za8HzVjNhW0?t=1500,2026-05-26
eH6yq9K2eWQ,"MN 2: Sabbasava Sutta and AN 3.65: Kalama Sutta | Paul, Thad | 02.10.16",@MountainDharma,57:00 on a few minutes is pure heartwood 😊,57:00,https://youtu.be/eH6yq9K2eWQ?t=3420,2026-05-26
BDGiF6RCAkg,"MN 117: The Great Forty | Zans, Paul | 12.9.16",@MountainDharma,52:00 this whole section on sottapatti and honesty is very moving,52:00,https://youtu.be/BDGiF6RCAkg?t=3120,2026-05-26
BDGiF6RCAkg,"MN 117: The Great Forty | Zans, Paul | 12.9.16",@MountainDharma,12:00 I love this whole section on “little Nibbanas” The Archie Bunker example hit home thinking of my father and watching All in the Family with him 😊,12:00,https://youtu.be/BDGiF6RCAkg?t=720,2026-05-26
MNxd-n_i_is,"Supramundane Dhamma, Retreats and Posture | Paul | 3.15.16",@issac7787,37:30 asking about Mahassi teaching,37:30,https://youtu.be/MNxd-n_i_is?t=2250,2026-05-26
LebcvZaP8hk,Right View | Paul | 3.14.16,@issac7787,50:00,50:00,https://youtu.be/LebcvZaP8hk?t=3000,2026-05-26
BRPl_yZFMvA,Discussing Anapanasati (Part 2/3) | Paul | 3.9.16,@MountainDharma,35:50 bath powder 😊,35:50,https://youtu.be/BRPl_yZFMvA?t=2150,2026-05-26
